{
  "heloc": {
    "shap": {
      "PGI": 0.525714099407196,
      "PGU": 0.42613351345062256,
      "RIS": 1.3605440379924416,
      "ROS": 0.6226172191028171,
      "RRS": 0.4933873754905278
    },
    "lime": {
      "PGI": 0.40302181243896484,
      "PGU": 0.30647534132003784,
      "RIS": 2.1972053270698346,
      "ROS": 1.660440839376522,
      "RRS": 1.3486339738245725
    },
    "ig": {
      "PGI": 0.466749370098114,
      "PGU": 0.16903358697891235,
      "RIS": 1.4162390362910324,
      "ROS": 0.8698714161480884,
      "RRS": 0.7335468761549269
    }
  },
  "german": {
    "shap": {
      "PGI": 0.4481860399246216,
      "PGU": 0.24239277839660645,
      "RIS": 1.1793256283982378,
      "ROS": 1.0751747512075343,
      "RRS": 0.6306013364472023,
      "Fairness@PGI": 0.02062055468559265,
      "Fairness@PGU": 0.00011155009269714355,
      "Fairness@RIS": 0.11627925230456349,
      "Fairness@ROS": 0.5632981218272527,
      "Fairness@RRS": 0.289990383004686
    },
    "lime": {
      "PGI": 0.3136822581291199,
      "PGU": 0.11076520383358002,
      "RIS": 2.871055490152725,
      "ROS": 3.13792613584309,
      "RRS": 2.321956350864814,
      "Fairness@PGI": 0.009166419506072998,
      "Fairness@PGU": 0.04961521178483963,
      "Fairness@RIS": 0.08054984479889304,
      "Fairness@ROS": 9.499723728412235e-05,
      "Fairness@RRS": 0.16865096411095237
    },
    "ig": {
      "PGI": 0.32500821352005005,
      "PGU": 0.09724041074514389,
      "RIS": 0.6612011548965493,
      "ROS": 0.9144788204652137,
      "RRS": 0.09939789240442005,
      "Fairness@PGI": 0.009689688682556152,
      "Fairness@PGU": 0.010090053081512451,
      "Fairness@RIS": 0.16441233556338786,
      "Fairness@ROS": 0.24505717759956502,
      "Fairness@RRS": 0.07631121625132838
    }
  }
}