{
  "test_loss": 0.3195114843547344,
  "best_threshold": 0.38999999999999996,
  "encoded_feature_count": 61.0,
  "default_threshold_accuracy": 0.665,
  "default_threshold_f1": 0.7309236947791165,
  "accuracy": 0.73,
  "precision": 0.8115942028985508,
  "recall": 0.8,
  "f1": 0.8057553956834532,
  "roc_auc": 0.7655952380952381
}