{
  "test_loss": 0.5357919931411743,
  "best_threshold": 0.5,
  "default_threshold_accuracy": 0.7377215189873417,
  "default_threshold_f1": 0.7221030042918455,
  "accuracy": 0.7377215189873417,
  "precision": 0.7339149400218102,
  "recall": 0.7106652587117213,
  "f1": 0.7221030042918455,
  "roc_auc": 0.8085331930856812
}